{"cameraMode":{"drawMode":0,"name":"Shaded","section":"Shading Mode"},"sceneLighting":true,"audioPlay":false,"sceneViewState":{"m_AlwaysRefresh":false,"showFog":true,"showSkybox":true,"showFlares":true,"showImageEffects":true,"showParticleSystems":true,"showVisualEffectGraphs":true,"m_FxEnabled":true},"in2DMode":false,"pivot":{"x":-5.1755828857421879,"y":23.925121307373048,"z":-27.30858612060547},"rotation":{"x":0.25032854080200198,"y":0.3646816313266754,"z":-0.10245934873819351,"w":0.8909827470779419},"size":6.5650153160095219,"orthographic":false}