{"cameraMode":{"drawMode":0,"name":"Shaded","section":"Shading Mode"},"sceneLighting":false,"audioPlay":false,"sceneViewState":{"m_AlwaysRefresh":false,"showFog":true,"showSkybox":false,"showFlares":true,"showImageEffects":true,"showParticleSystems":true,"showVisualEffectGraphs":true,"m_FxEnabled":true},"in2DMode":false,"pivot":{"x":17.806556701660158,"y":0.5128707885742188,"z":-0.19812250137329102},"rotation":{"x":0.0020369940903037788,"y":-0.7341357469558716,"z":0.0022024137433618309,"w":0.6789960265159607},"size":4.289524078369141,"orthographic":true}